[
  {
    "affiliation": "Universitat Autònoma de Barcelona",
    "citedby": 1534,
    "cites_per_year": {
      "2015": 14,
      "2016": 16,
      "2017": 30,
      "2018": 111,
      "2019": 161,
      "2020": 201,
      "2021": 221,
      "2022": 219,
      "2023": 210,
      "2024": 203,
      "2025": 122
    },
    "coauthors": [
      {
        "affiliation": "Professor, Universitat Autònoma de Barcelona",
        "name": "Jordi Herrera-Joancomartí",
        "scholar_id": "l3_SR-gAAAAJ"
      },
      {
        "affiliation": "Universitat Autonoma de Barcelona",
        "name": "Guillermo Navarro-Arribas",
        "scholar_id": "V5m3WZkAAAAJ"
      },
      {
        "affiliation": "Chaincode Labs",
        "name": "Sergi Delgado-Segura",
        "scholar_id": "F_CppG8AAAAJ"
      },
      {
        "affiliation": "Senior Research Scientist at RISE",
        "name": "Iraklis Symeonidis",
        "scholar_id": "CMBbc_kAAAAJ"
      },
      {
        "affiliation": "Professor, KU Leuven",
        "name": "Bart Preneel",
        "scholar_id": "omio-RsAAAAJ"
      },
      {
        "affiliation": "Associate professor, Universitat Oberta de Catalunya",
        "name": "Helena Rifà-Pous",
        "scholar_id": "lza6tYMAAAAJ"
      },
      {
        "affiliation": "KU Leuven",
        "name": "Claudia Diaz",
        "scholar_id": "AUGbCSkAAAAJ"
      },
      {
        "affiliation": "Cornell Tech",
        "name": "Ero Balsa",
        "scholar_id": "LhtWcbwAAAAJ"
      }
    ],
    "homepage": "https://cpsola.com/",
    "interests": [
      "Cryptocurrencies",
      "Bitcoin",
      "blockchain",
      "privacy",
      "online social networks"
    ],
    "name": "Cristina Pérez-Solà",
    "organization": 2869670878025423233,
    "publications": [
      {
        "author_pub_id": "L8dhqAsAAAAJ:u5HHmVD_uO8C",
        "citation": "International conference on financial cryptography and data security, 87-102, 2014",
        "num_citations": 271,
        "pub_year": "2014",
        "title": "The bitcoin P2P network",
        "last_scraped": "2025-11-19T16:21:57.279934Z"
      },
      {
        "author_pub_id": "L8dhqAsAAAAJ:UebtZRa9Y70C",
        "citation": "International Conference on Financial Cryptography and Data Security, 78-91, 2018",
        "num_citations": 209,
        "pub_year": "2018",
        "title": "Analysis of the Bitcoin UTXO set",
        "last_scraped": "2025-11-19T16:21:57.279934Z"
      },
      {
        "author_pub_id": "L8dhqAsAAAAJ:roLk4NBRz8UC",
        "citation": "Future Generation Computer Systems 107, 832-840, 2020",
        "num_citations": 140,
        "pub_year": "2020",
        "title": "A fair protocol for data trading based on Bitcoin transactions",
        "last_scraped": "2025-11-19T16:21:57.279934Z"
      },
      {
        "author_pub_id": "L8dhqAsAAAAJ:KlAtU1dfN6UC",
        "citation": "Financial Cryptography and Data Security: 23rd International Conference, FC …, 2019",
        "num_citations": 133,
        "pub_year": "2019",
        "title": "Txprobe: Discovering bitcoin’s network topology using orphan transactions",
        "last_scraped": "2025-11-19T16:21:57.279934Z"
      },
      {
        "author_pub_id": "L8dhqAsAAAAJ:eQOLeE2rZwMC",
        "citation": "Modeling Decisions for Artificial Intelligence: 13th International …, 2016",
        "num_citations": 127,
        "pub_year": "2016",
        "title": "Privacy in bitcoin transactions: new challenges from blockchain scalability solutions",
        "last_scraped": "2025-11-19T16:21:57.279934Z"
      },
      {
        "author_pub_id": "L8dhqAsAAAAJ:_kc_bZDykSQC",
        "citation": "Proceedings of the 2019 ACM Asia Conference on Computer and Communications …, 2019",
        "num_citations": 116,
        "pub_year": "2019",
        "title": "On the difficulty of hiding the balance of lightning network channels",
        "last_scraped": "2025-11-19T16:21:57.279934Z"
      },
      {
        "author_pub_id": "L8dhqAsAAAAJ:ufrVoPGSRksC",
        "citation": "International Journal of Information Security 18 (4), 451-463, 2019",
        "num_citations": 109,
        "pub_year": "2019",
        "title": "Double-spending prevention for bitcoin zero-confirmation transactions",
        "last_scraped": "2025-11-19T16:21:57.279934Z"
      },
      {
        "author_pub_id": "L8dhqAsAAAAJ:5nxA0vEk-isC",
        "citation": "Mobile Information Systems 2018, 1-16, 2018",
        "num_citations": 88,
        "pub_year": "2018",
        "title": "Cryptocurrency networks: A new P2P paradigm",
        "last_scraped": "2025-11-19T16:21:57.279934Z"
      },
      {
        "author_pub_id": "L8dhqAsAAAAJ:mVmsd5A6BfQC",
        "citation": "Financial Cryptography and Data Security: 24th International Conference, FC …, 2020",
        "num_citations": 74,
        "pub_year": "2020",
        "title": "Lockdown: Balance availability attack against lightning network channels",
        "last_scraped": "2025-11-19T16:21:57.279934Z"
      },
      {
        "author_pub_id": "L8dhqAsAAAAJ:MXK_kJrjxJIC",
        "citation": "Computers & Security 77, 179-208, 2018",
        "num_citations": 47,
        "pub_year": "2018",
        "title": "Collateral damage of Facebook third-party applications: a comprehensive study",
        "last_scraped": "2025-11-19T16:21:57.279934Z"
      },
      {
        "author_pub_id": "L8dhqAsAAAAJ:3fE2CSJIrl8C",
        "citation": "Royal Society Open Science 6 (1), 180817, 2019",
        "num_citations": 33,
        "pub_year": "2019",
        "title": "Another coin bites the dust: an analysis of dust in UTXO-based cryptocurrencies",
        "last_scraped": "2025-11-19T16:21:57.279934Z"
      },
      {
        "author_pub_id": "L8dhqAsAAAAJ:YOwf2qJgpHMC",
        "citation": "Editorial UOC, 2016",
        "num_citations": 23,
        "pub_year": "2016",
        "title": "Análisis de datos de redes sociales",
        "last_scraped": "2025-11-19T16:21:57.279934Z"
      },
      {
        "author_pub_id": "L8dhqAsAAAAJ:qjMakFHDy7sC",
        "citation": "Universidad de Alicante, 2014",
        "num_citations": 19,
        "pub_year": "2014",
        "title": "Bitcoins y el problema de los generales bizantinos",
        "last_scraped": "2025-11-19T16:21:57.279934Z"
      },
      {
        "author_pub_id": "L8dhqAsAAAAJ:_Qo2XoVZTnwC",
        "citation": "IEEE Access 12, 3240-3255, 2023",
        "num_citations": 15,
        "pub_year": "2023",
        "title": "Federify: A verifiable federated learning scheme based on zksnarks and blockchain",
        "last_scraped": "2025-11-19T16:21:57.279934Z"
      },
      {
        "author_pub_id": "L8dhqAsAAAAJ:UeHWp8X0CEIC",
        "citation": "ICT Systems Security and Privacy Protection: 31st IFIP TC 11 International …, 2016",
        "num_citations": 15,
        "pub_year": "2016",
        "title": "Collateral damage of facebook apps: Friends, providers, and privacy interdependence",
        "last_scraped": "2025-11-19T16:21:57.279934Z"
      },
      {
        "author_pub_id": "L8dhqAsAAAAJ:4DMP91E08xMC",
        "citation": "",
        "num_citations": 16,
        "title": "Analysis of the SegWit adoption in Bitcoin",
        "last_scraped": "2025-11-19T16:21:57.279934Z"
      },
      {
        "author_pub_id": "L8dhqAsAAAAJ:_FxGoFyzp5QC",
        "citation": "Information Processing Letters 140, 37-41, 2018",
        "num_citations": 13,
        "pub_year": "2018",
        "title": "Bitcoin private key locked transactions",
        "last_scraped": "2025-11-19T16:21:57.279934Z"
      },
      {
        "author_pub_id": "L8dhqAsAAAAJ:hFOr9nPyWt4C",
        "citation": "Computers and Security, 2022, vol. 122, art. núm. 102873, 2022",
        "num_citations": 10,
        "pub_year": "2022",
        "title": "Web-tracking compliance: websites’ level of confidence in the use of information-gathering technologies",
        "last_scraped": "2025-11-19T16:21:57.279934Z"
      },
      {
        "author_pub_id": "L8dhqAsAAAAJ:aqlVkmm33-oC",
        "citation": "Concurrency and Computation: Practice and Experience 32 (12), e5490, 2020",
        "num_citations": 7,
        "pub_year": "2020",
        "title": "BArt: Trading digital contents through digital assets",
        "last_scraped": "2025-11-19T16:21:57.279934Z"
      },
      {
        "author_pub_id": "L8dhqAsAAAAJ:4TOpqqG69KYC",
        "citation": "Companion Proceedings of The 2019 World Wide Web Conference, 501-507, 2019",
        "num_citations": 7,
        "pub_year": "2019",
        "title": "Collaborative Explanation of Deep Models with Limited Interaction for Trade Secret and Privacy Preservation",
        "last_scraped": "2025-11-19T16:21:57.279934Z"
      },
      {
        "author_pub_id": "L8dhqAsAAAAJ:qxL8FJ1GzNcC",
        "citation": "Journal of Ambient Intelligence and Humanized Computing 14 (11), 15059-15072, 2023",
        "num_citations": 6,
        "pub_year": "2023",
        "title": "Message anonymity on predictable opportunistic networks",
        "last_scraped": "2025-11-19T16:21:57.279934Z"
      },
      {
        "author_pub_id": "L8dhqAsAAAAJ:M3ejUd6NZC8C",
        "citation": "2019 10th IFIP International Conference on New Technologies, Mobility and …, 2019",
        "num_citations": 6,
        "pub_year": "2019",
        "title": "Kriptosare. gen, a Dockerized Bitcoin Testbed: Analysis of Server Performance",
        "last_scraped": "2025-11-19T16:21:57.279934Z"
      },
      {
        "author_pub_id": "L8dhqAsAAAAJ:WF5omc3nYNoC",
        "citation": "ACM Transactions on Internet Technology (TOIT) 17 (3), 1-21, 2017",
        "num_citations": 6,
        "pub_year": "2017",
        "title": "Towards inferring communication patterns in online social networks",
        "last_scraped": "2025-11-19T16:21:57.279934Z"
      },
      {
        "author_pub_id": "L8dhqAsAAAAJ:u-x6o8ySG0sC",
        "citation": "International Conference on Modeling Decisions for Artificial Intelligence, 1-16, 2011",
        "num_citations": 6,
        "pub_year": "2011",
        "title": "Online social honeynets: trapping web crawlers in OSN",
        "last_scraped": "2025-11-19T16:21:57.279934Z"
      },
      {
        "author_pub_id": "L8dhqAsAAAAJ:2osOgNQ5qMEC",
        "citation": "Machine Learning and Knowledge Discovery in Databases: European Conference …, 2013",
        "num_citations": 4,
        "pub_year": "2013",
        "title": "Improving relational classification using link prediction techniques",
        "last_scraped": "2025-11-19T16:21:57.279934Z"
      },
      {
        "author_pub_id": "L8dhqAsAAAAJ:4JMBOYKVnBMC",
        "citation": "Social Network Analysis and Mining 14 (1), 1-29, 2024",
        "num_citations": 5,
        "pub_year": "2024",
        "title": "Overview of the Twitter conversation around# 14F 2021 Catalonia regional election: an analysis of echo chambers and presence of social bots",
        "last_scraped": "2025-11-19T16:21:57.279934Z"
      },
      {
        "author_pub_id": "L8dhqAsAAAAJ:qUcmZB5y_30C",
        "citation": "IEEE Access 10, 55469-55487, 2022",
        "num_citations": 4,
        "pub_year": "2022",
        "title": "Apples and Oranges: On How to Measure Node Centrality in Payment Channel Networks",
        "last_scraped": "2025-11-19T16:21:57.279934Z"
      },
      {
        "author_pub_id": "L8dhqAsAAAAJ:j3f4tGmQtD8C",
        "citation": "Asociación de Enseñantes Universitarios de la Informática (AENUI), 2019",
        "num_citations": 3,
        "pub_year": "2019",
        "title": "Aprendiendo a programar. Nuevos retos, nuevas propuestas",
        "last_scraped": "2025-11-19T16:21:57.279934Z"
      },
      {
        "author_pub_id": "L8dhqAsAAAAJ:kNdYIx-mwKoC",
        "citation": "Technology Enhanced Assessment: 20th International Conference, TEA 2017 …, 2018",
        "num_citations": 3,
        "pub_year": "2018",
        "title": "On improving automated self-assessment with moodle quizzes: Experiences from a cryptography course",
        "last_scraped": "2025-11-19T16:21:57.279934Z"
      },
      {
        "author_pub_id": "L8dhqAsAAAAJ:9yKSN-GCB0IC",
        "citation": "International Symposium on Foundations and Practice of Security, 115-131, 2012",
        "num_citations": 3,
        "pub_year": "2012",
        "title": "Classifying online social network users through the social graph",
        "last_scraped": "2025-11-19T16:21:57.279934Z"
      },
      {
        "author_pub_id": "L8dhqAsAAAAJ:HDshCWvjkbEC",
        "citation": "International Workshop on Data Privacy Management, 169-184, 2022",
        "num_citations": 2,
        "pub_year": "2022",
        "title": "An Empirical Analysis of Running a Bitcoin Minimal Wallet on an IoT Device",
        "last_scraped": "2025-11-19T16:21:57.279934Z"
      },
      {
        "author_pub_id": "L8dhqAsAAAAJ:dhFuZR0502QC",
        "citation": "Data Privacy Management, Cryptocurrencies and Blockchain Technology: ESORICS …, 2020",
        "num_citations": 2,
        "pub_year": "2020",
        "title": "On the Selection of the LN Client Implementation Parameters",
        "last_scraped": "2025-11-19T16:21:57.279934Z"
      },
      {
        "author_pub_id": "L8dhqAsAAAAJ:TQgYirikUcIC",
        "citation": "Springer Nature, 2019",
        "num_citations": 2,
        "pub_year": "2019",
        "title": "Data Privacy Management, Cryptocurrencies and Blockchain Technology: ESORICS 2019 International Workshops, DPM 2019 and CBT 2019, Luxembourg, September 26–27, 2019, Proceedings",
        "last_scraped": "2025-11-19T16:21:57.279934Z"
      },
      {
        "author_pub_id": "L8dhqAsAAAAJ:d1gkVwhDpl0C",
        "citation": "P2P, Parallel, Grid, Cloud and Internet Computing (3PGCIC), 2010 …, 2010",
        "num_citations": 2,
        "pub_year": "2010",
        "title": "OSN: when multiple autonomous users disclose another individual's information",
        "last_scraped": "2025-11-19T16:21:57.279934Z"
      },
      {
        "author_pub_id": "L8dhqAsAAAAJ:NMxIlDl6LWMC",
        "citation": "Cryptology ePrint Archive, 2025",
        "num_citations": 1,
        "pub_year": "2025",
        "title": "Scalable Non-Fungible Tokens on Bitcoin",
        "last_scraped": "2025-11-19T16:21:57.279934Z"
      },
      {
        "author_pub_id": "L8dhqAsAAAAJ:isC4tDSrTZIC",
        "citation": "2024 17th International Conference on Security of Information and Networks …, 2024",
        "num_citations": 1,
        "pub_year": "2024",
        "title": "Building Resilient AI: A Solution to Data and Model Poisoning Prevention",
        "last_scraped": "2025-11-19T16:21:57.279934Z"
      },
      {
        "author_pub_id": "L8dhqAsAAAAJ:iH-uZ7U-co4C",
        "citation": "International Conference on Modeling Decisions for Artificial Intelligence …, 2024",
        "num_citations": 1,
        "pub_year": "2024",
        "title": "Decision Tree Based Inference of Lightning Network Client Implementations",
        "last_scraped": "2025-11-19T16:21:57.279934Z"
      },
      {
        "author_pub_id": "L8dhqAsAAAAJ:r0BpntZqJG4C",
        "citation": "Connections 44 (1), 77-112, 2024",
        "num_citations": 1,
        "pub_year": "2024",
        "title": "Exploring Echo Chambers in Twitter during Two Spanish Regional Elections: An Analysis of Community Interactions",
        "last_scraped": "2025-11-19T16:21:57.279934Z"
      },
      {
        "author_pub_id": "L8dhqAsAAAAJ:YsMSGLbcyi4C",
        "citation": "International Journal of Intelligent Systems 28 (6), 583-605, 2013",
        "num_citations": 1,
        "pub_year": "2013",
        "title": "OSN Crawling Schedulers and Their Implications on k‐Plexes Detection",
        "last_scraped": "2025-11-19T16:21:57.279934Z"
      },
      {
        "author_pub_id": "L8dhqAsAAAAJ:Tyk-4Ss8FVUC",
        "citation": "Reunión Española sobre Criptología y Seguridad de la Información, 423-428, 2012",
        "num_citations": 1,
        "pub_year": "2012",
        "title": "Security and Privacy Challenges in Smart Sensor Networks",
        "last_scraped": "2025-11-19T16:21:57.279934Z"
      },
      {
        "author_pub_id": "L8dhqAsAAAAJ:JV2RwH3_ST0C",
        "citation": "XVIII Reunión Española sobre Criptología y Seguridad de la Información …, 0",
        "num_citations": 1,
        "title": "Unmasking the Illusion: The Shortcomings of “Zero-Knowledge” Rollups in Achieving Privacy",
        "last_scraped": "2025-11-19T16:21:57.279934Z"
      },
      {
        "author_pub_id": "L8dhqAsAAAAJ:hqOjcs7Dif8C",
        "citation": "",
        "num_citations": 1,
        "title": "Collateral Information Collection by Facebook Applications: a Comprehensive Study",
        "last_scraped": "2025-11-19T16:21:57.279934Z"
      },
      {
        "author_pub_id": "L8dhqAsAAAAJ:70eg2SAEIzsC",
        "citation": "Journal of Information Technology & Politics, 1-21, 2025",
        "num_citations": 0,
        "pub_year": "2025",
        "title": "TIDEM: measuring political distance and polarization through retweet networks in Spanish regional elections",
        "last_scraped": "2025-11-19T16:21:57.279934Z"
      },
      {
        "author_pub_id": "L8dhqAsAAAAJ:NaGl4SEjCO4C",
        "citation": "Blockchain: Research and Applications, 100388, 2025",
        "num_citations": 0,
        "pub_year": "2025",
        "title": "Security Assumptions in Permissionless Blockchains and Layer 2 Scalability Solutions: A Comprehensive Taxonomy",
        "last_scraped": "2025-11-19T16:21:57.279934Z"
      },
      {
        "author_pub_id": "L8dhqAsAAAAJ:RGFaLdJalmkC",
        "citation": "Computer Communications, 108300, 2025",
        "num_citations": 0,
        "pub_year": "2025",
        "title": "Integrating blockchain with IoT: Evaluating the feasibility of lightweight Bitcoin wallets on resource-constrained devices",
        "last_scraped": "2025-11-19T16:21:57.279934Z"
      },
      {
        "author_pub_id": "L8dhqAsAAAAJ:ns9cj8rnVeAC",
        "citation": "Blockchain: Research and Applications, 100350, 2025",
        "num_citations": 0,
        "pub_year": "2025",
        "title": "SmartBLock: a smart lock protocol over the Bitcoin blockchain",
        "last_scraped": "2025-11-19T16:21:57.279934Z"
      },
      {
        "author_pub_id": "L8dhqAsAAAAJ:YFjsv_pBGBYC",
        "citation": "Springer Nature, 2025",
        "num_citations": 0,
        "pub_year": "2025",
        "title": "Computer Security. ESORICS 2024 International Workshops: DPM, CBT, and CyberICPS, Bydgoszcz, Poland, September 16–20, 2024, Revised Selected Papers, Part I",
        "last_scraped": "2025-11-19T16:21:57.279934Z"
      },
      {
        "author_pub_id": "L8dhqAsAAAAJ:O3NaXMp0MMsC",
        "citation": "XVIII Reunión Española sobre Criptología y Seguridad de la Información …, 2025",
        "num_citations": 0,
        "pub_year": "2025",
        "title": "Unmasking the Illusion: The Shortcomings of “Zero-Knowledge” Rollups in Achieving Privacy",
        "last_scraped": "2025-11-19T16:21:57.279934Z"
      },
      {
        "author_pub_id": "L8dhqAsAAAAJ:GnPB-g6toBAC",
        "citation": "XVIII Reunión Española sobre Criptología y Seguridad de la Información …, 2025",
        "num_citations": 0,
        "pub_year": "2025",
        "title": "Ataques de incumplimiento de contrato en la Lightning Network",
        "last_scraped": "2025-11-19T16:21:57.279934Z"
      },
      {
        "author_pub_id": "L8dhqAsAAAAJ:blknAaTinKkC",
        "citation": "XVIII Reunión Española sobre Criptología y Seguridad de la Información …, 2025",
        "num_citations": 0,
        "pub_year": "2025",
        "title": "Unveiling Privacy Risks: Property Inference Attacks in Federated Learning Environments",
        "last_scraped": "2025-11-19T16:21:57.279934Z"
      },
      {
        "author_pub_id": "L8dhqAsAAAAJ:e5wmG9Sq2KIC",
        "citation": "",
        "num_citations": 0,
        "pub_year": "2023",
        "title": "Overview of the Twitter conversation around# 14F 2021 Catalonia regional election: analysis of echo chambers and presence of social bots",
        "last_scraped": "2025-11-19T16:21:57.279934Z"
      },
      {
        "author_pub_id": "L8dhqAsAAAAJ:k_IJM867U9cC",
        "citation": "Ed. Universidad de Cantabria, 2022",
        "num_citations": 0,
        "pub_year": "2022",
        "title": "XVII Reunión española sobre criptología y seguridad de la información. RECSI 2022",
        "last_scraped": "2025-11-19T16:21:57.279934Z"
      },
      {
        "author_pub_id": "L8dhqAsAAAAJ:mB3voiENLucC",
        "citation": "UAB divulga, 0003-4, 2022",
        "num_citations": 0,
        "pub_year": "2022",
        "title": "Atacs de denegació de servei a canals de pagament sobre Bitcoin",
        "last_scraped": "2025-11-19T16:21:57.279934Z"
      },
      {
        "author_pub_id": "L8dhqAsAAAAJ:vV6vV6tmYwMC",
        "citation": "",
        "num_citations": 0,
        "pub_year": "2021",
        "title": "Criptografia de clau simètrica",
        "last_scraped": "2025-11-19T16:21:57.279934Z"
      },
      {
        "author_pub_id": "L8dhqAsAAAAJ:lSLTfruPkqcC",
        "citation": "",
        "num_citations": 0,
        "pub_year": "2021",
        "title": "Protocols criptogràfics",
        "last_scraped": "2025-11-19T16:21:57.279934Z"
      },
      {
        "author_pub_id": "L8dhqAsAAAAJ:RYcK_YlVTxYC",
        "citation": "",
        "num_citations": 0,
        "pub_year": "2021",
        "title": "Criptografia de clau pública",
        "last_scraped": "2025-11-19T16:21:57.279934Z"
      },
      {
        "author_pub_id": "L8dhqAsAAAAJ:35N4QoGY0k4C",
        "citation": "Lecture Notes in Computer Science, 2020, 2020",
        "num_citations": 0,
        "pub_year": "2020",
        "title": "On the selection of the LN client implementation parameters",
        "last_scraped": "2025-11-19T16:21:57.279934Z"
      },
      {
        "author_pub_id": "L8dhqAsAAAAJ:hMod-77fHWUC",
        "citation": "Repositori del Departament de Justícia, 2020",
        "num_citations": 0,
        "pub_year": "2020",
        "title": "La tokenització de drets reals en la regulació del llibre cinquè del Codi civil de Catalunya",
        "last_scraped": "2025-11-19T16:21:57.279934Z"
      },
      {
        "author_pub_id": "L8dhqAsAAAAJ:maZDTaKrznsC",
        "citation": "Universitat Oberta de Catalunya (UOC), 2020",
        "num_citations": 0,
        "pub_year": "2020",
        "title": "Privadesa, setembre 2020",
        "last_scraped": "2025-11-19T16:21:57.279934Z"
      },
      {
        "author_pub_id": "L8dhqAsAAAAJ:bEWYMUwI8FkC",
        "citation": "Universitat Oberta de Catalunya (UOC), 2020",
        "num_citations": 0,
        "pub_year": "2020",
        "title": "Programació per a la ciència de dades, setembre 2020",
        "last_scraped": "2025-11-19T16:21:57.279934Z"
      },
      {
        "author_pub_id": "L8dhqAsAAAAJ:Wp0gIr-vW9MC",
        "citation": "ESORICS 2019, DPM 2019 and CBT 2019: Data Privacy Management …, 2019",
        "num_citations": 0,
        "pub_year": "2019",
        "title": "Data Privacy Management, Cryptocurrencies and Blockchain Technology",
        "last_scraped": "2025-11-19T16:21:57.279934Z"
      },
      {
        "author_pub_id": "L8dhqAsAAAAJ:ZeXyd9-uunAC",
        "citation": "Journal of Ambient Intelligence and Humanized Computing, 2019, p. 1-14, 2019",
        "num_citations": 0,
        "pub_year": "2019",
        "title": "Message anonymity on predictable opportunistic networks",
        "last_scraped": "2025-11-19T16:21:57.279934Z"
      },
      {
        "author_pub_id": "L8dhqAsAAAAJ:ULOm3_A8WrAC",
        "citation": "International Journal of Software Engineering and Knowledge Engineering 29 …, 2019",
        "num_citations": 0,
        "pub_year": "2019",
        "title": "Improving Classification of Interlinked Entities Using Only the Network Structure",
        "last_scraped": "2025-11-19T16:21:57.279934Z"
      },
      {
        "author_pub_id": "L8dhqAsAAAAJ:BqipwSGYUEgC",
        "citation": "Actas de las Cuartas Jornadas Nacionales de Investigación en Ciberseguridad …, 2018",
        "num_citations": 0,
        "pub_year": "2018",
        "title": "A review of a Fair Protocol for Data Trading Based on Bitcoin Transactions",
        "last_scraped": "2025-11-19T16:21:57.279934Z"
      },
      {
        "author_pub_id": "L8dhqAsAAAAJ:RHpTSmoSYBkC",
        "citation": "Mobile Information Systems 2018, 2018",
        "num_citations": 0,
        "pub_year": "2018",
        "title": "Cryptocurrency Networks:: A New P2P Paradigm",
        "last_scraped": "2025-11-19T16:21:57.279934Z"
      },
      {
        "author_pub_id": "L8dhqAsAAAAJ:-f6ydRqryjwC",
        "citation": "Universitat Oberta de Catalunya (UOC), 2018",
        "num_citations": 0,
        "pub_year": "2018",
        "title": "Integración de sistemas ciberfísicos, febrero 2018",
        "last_scraped": "2025-11-19T16:21:57.279934Z"
      },
      {
        "author_pub_id": "L8dhqAsAAAAJ:IWHjjKOFINEC",
        "citation": "Universitat Oberta de Catalunya (UOC), 2018",
        "num_citations": 0,
        "pub_year": "2018",
        "title": "Criptografia, febrer 2018",
        "last_scraped": "2025-11-19T16:21:57.279934Z"
      },
      {
        "author_pub_id": "L8dhqAsAAAAJ:7PzlFSSx8tAC",
        "citation": "Cryptology ePrint Archive, 2018",
        "num_citations": 0,
        "pub_year": "2018",
        "title": "Collateral Damage of Facebook Applications: a Comprehensive Study",
        "last_scraped": "2025-11-19T16:21:57.279934Z"
      },
      {
        "author_pub_id": "L8dhqAsAAAAJ:0EnyYjriUFMC",
        "citation": "Universitat Oberta de Catalunya, 2017",
        "num_citations": 0,
        "pub_year": "2017",
        "title": "Seguretat en xarxes, setembre 2012",
        "last_scraped": "2025-11-19T16:21:57.279934Z"
      },
      {
        "author_pub_id": "L8dhqAsAAAAJ:9ZlFYXVOiuMC",
        "citation": "Editorial UOC, 2017",
        "num_citations": 0,
        "pub_year": "2017",
        "title": "¿ Cómo usar una base de datos en grafo?",
        "last_scraped": "2025-11-19T16:21:57.279934Z"
      },
      {
        "author_pub_id": "L8dhqAsAAAAJ:LkGwnXOMwfcC",
        "citation": "Universitat Autònoma de Barcelona,, 2016",
        "num_citations": 0,
        "pub_year": "2016",
        "title": "Towards understanding privacy risks in online social networks",
        "last_scraped": "2025-11-19T16:21:57.279934Z"
      },
      {
        "author_pub_id": "L8dhqAsAAAAJ:L8Ckcad2t8MC",
        "citation": "Universitat Oberta de Catalunya, 2015",
        "num_citations": 0,
        "pub_year": "2015",
        "title": "Caso. SGBD orientados a la toma de decisiones",
        "last_scraped": "2025-11-19T16:21:57.279934Z"
      },
      {
        "author_pub_id": "L8dhqAsAAAAJ:Y0pCki6q_DkC",
        "citation": "International Conference on Modeling Decisions for Artificial Intelligence …, 2013",
        "num_citations": 0,
        "pub_year": "2013",
        "title": "Improving Automatic Edge Selection for Relational Classification",
        "last_scraped": "2025-11-19T16:21:57.279934Z"
      },
      {
        "author_pub_id": "L8dhqAsAAAAJ:Se3iqnhoufwC",
        "citation": "Universitat Oberta de Catalunya, 2012",
        "num_citations": 0,
        "pub_year": "2012",
        "title": "Seguridad en redes, septiembre 2012",
        "last_scraped": "2025-11-19T16:21:57.279934Z"
      },
      {
        "author_pub_id": "L8dhqAsAAAAJ:IjCSPb-OGe4C",
        "citation": "8th International Conference on Modeling Decisions for Artificial …, 2011",
        "num_citations": 0,
        "pub_year": "2011",
        "title": "Online social honeynets",
        "last_scraped": "2025-11-19T16:21:57.279934Z"
      },
      {
        "author_pub_id": "L8dhqAsAAAAJ:W7OEmFMy1HYC",
        "citation": "",
        "num_citations": 0,
        "pub_year": "2010",
        "title": "La privacitat de les connexions dels usuaris d'una xarxa social",
        "last_scraped": "2025-11-19T16:21:57.279934Z"
      },
      {
        "author_pub_id": "L8dhqAsAAAAJ:zYLM7Y9cAGgC",
        "citation": "Reunión Española sobre Criptología y Seguridad de la Información, 123-129, 2010",
        "num_citations": 0,
        "pub_year": "2010",
        "title": "El proceso de iniciativa legislativa popular por medio de firmas digitales",
        "last_scraped": "2025-11-19T16:21:57.279934Z"
      },
      {
        "author_pub_id": "L8dhqAsAAAAJ:J_g5lzvAfSwC",
        "citation": "",
        "num_citations": 0,
        "title": "Protocols criptogràfics que preserven la privadesa",
        "last_scraped": "2025-11-19T16:21:57.279934Z"
      },
      {
        "author_pub_id": "L8dhqAsAAAAJ:M3NEmzRMIkIC",
        "citation": "XVIII Reunión Española sobre Criptología y Seguridad de la Información …, 0",
        "num_citations": 0,
        "title": "Ataques de incumplimiento de contrato en la Lightning Network",
        "last_scraped": "2025-11-19T16:21:57.279934Z"
      },
      {
        "author_pub_id": "L8dhqAsAAAAJ:Zph67rFs4hoC",
        "citation": "Universitat Oberta de Catalunya, 0",
        "num_citations": 0,
        "title": "Bases de datos noSQL, febrero 2014",
        "last_scraped": "2025-11-19T16:21:57.279934Z"
      },
      {
        "author_pub_id": "L8dhqAsAAAAJ:8k81kl-MbHgC",
        "citation": "",
        "num_citations": 0,
        "title": "Collateral Information Collection by Facebook Applications: a Comprehensive Study",
        "last_scraped": "2025-11-19T16:21:57.279934Z"
      }
    ],
    "scholar_id": "L8dhqAsAAAAJ"
  }
]